{"stats":{"minecraft:dropped":{"minecraft:water_bucket":1,"minecraft:bread":3,"minecraft:iron_sword":1,"minecraft:brown_mushroom":2,"minecraft:oak_log":1,"minecraft:dark_oak_sapling":3,"minecraft:feather":15,"minecraft:cobblestone":1,"minecraft:granite":1,"minecraft:stick":33,"minecraft:dirt":3,"minecraft:diorite":3,"minecraft:gold_nugget":2,"minecraft:iron_axe":1,"minecraft:string":2,"minecraft:dandelion":2,"minecraft:stone_sword":2,"minecraft:birch_sapling":13,"minecraft:rotten_flesh":2,"minecraft:oak_planks":2,"minecraft:carrot":399,"minecraft:diamond_sword":1,"minecraft:oak_sapling":79,"minecraft:wooden_pickaxe":1,"minecraft:stone_pickaxe":1,"minecraft:bell":2,"minecraft:black_wool":2},"minecraft:mined":{"minecraft:tuff":1,"minecraft:white_bed":11,"minecraft:deepslate_diamond_ore":4,"minecraft:cherry_log":23,"minecraft:dark_oak_log":1486,"minecraft:granite":1,"minecraft:grass_block":152,"minecraft:brown_mushroom_block":7,"minecraft:spawner":2,"minecraft:hay_block":70,"minecraft:tall_seagrass":2,"minecraft:furnace":5,"minecraft:iron_ore":116,"minecraft:barrel":2,"minecraft:andesite":5,"minecraft:pumpkin":4,"minecraft:anvil":2,"minecraft:fletching_table":2,"minecraft:deepslate_lapis_ore":6,"minecraft:deepslate_iron_ore":42,"minecraft:cobblestone_slab":12,"minecraft:stripped_oak_log":1,"minecraft:stone":685,"minecraft:deepslate_redstone_ore":13,"minecraft:oak_slab":3,"minecraft:dandelion":1,"minecraft:powder_snow":9,"minecraft:crafting_table":10,"minecraft:torch":2,"minecraft:calcite":3,"minecraft:chest":2,"minecraft:mushroom_stem":3,"minecraft:stone_slab":11,"minecraft:tall_grass":1,"minecraft:cobblestone":220,"minecraft:grindstone":9,"minecraft:lapis_ore":7,"minecraft:deepslate_gold_ore":28,"minecraft:sugar_cane":23,"minecraft:oak_planks":2,"minecraft:diorite":7,"minecraft:wall_torch":11,"minecraft:amethyst_block":64,"minecraft:pink_petals":1,"minecraft:birch_log":259,"minecraft:wheat":12,"minecraft:lilac":1,"minecraft:birch_leaves":3,"minecraft:yellow_bed":3,"minecraft:grass":42,"minecraft:oak_log":1190,"minecraft:coal_ore":195,"minecraft:sand":50,"minecraft:gravel":113,"minecraft:dirt":84,"minecraft:cobweb":35,"minecraft:smooth_basalt":2,"minecraft:red_mushroom_block":1,"minecraft:gold_ore":22,"minecraft:oak_leaves":155,"minecraft:deepslate":30},"minecraft:crafted":{"minecraft:cherry_planks":20,"minecraft:grindstone":2,"minecraft:oak_planks":5124,"minecraft:smooth_stone":6,"minecraft:smooth_stone_slab":6,"minecraft:furnace":3,"minecraft:blast_furnace":1,"minecraft:stone":15,"minecraft:diamond_shovel":1,"minecraft:cooked_mutton":11,"minecraft:diamond_helmet":2,"minecraft:diamond_leggings":1,"minecraft:iron_boots":13,"minecraft:iron_axe":39,"minecraft:stone_pickaxe":1,"minecraft:chest":8,"minecraft:diamond_boots":1,"minecraft:dark_oak_planks":2567,"minecraft:stone_hoe":1,"minecraft:wheat":270,"minecraft:diamond_sword":1,"minecraft:emerald":579,"minecraft:diamond_axe":3,"minecraft:crafting_table":5,"minecraft:wooden_pickaxe":1,"minecraft:iron_helmet":1,"minecraft:bell":2,"minecraft:iron_sword":4,"minecraft:fletching_table":4,"minecraft:bucket":2,"minecraft:birch_planks":1364,"minecraft:stone_axe":22,"minecraft:bread":93,"minecraft:air":0,"minecraft:oak_boat":5,"minecraft:iron_chestplate":1,"minecraft:diamond_pickaxe":1,"minecraft:shield":12,"minecraft:stick":17081,"minecraft:stone_slab":12,"minecraft:iron_ingot":86,"minecraft:iron_pickaxe":2,"minecraft:stone_sword":1,"minecraft:iron_shovel":1,"minecraft:iron_leggings":1,"minecraft:white_bed":2,"minecraft:torch":364,"minecraft:diamond_chestplate":1},"minecraft:broken":{"minecraft:golden_shovel":1,"minecraft:iron_axe":9,"minecraft:stone_axe":4,"minecraft:iron_pickaxe":2},"minecraft:killed":{"minecraft:cave_spider":2,"minecraft:spider":10,"minecraft:skeleton":31,"minecraft:chicken":14,"minecraft:pig":4,"minecraft:iron_golem":1,"minecraft:creeper":3,"minecraft:sheep":20,"minecraft:goat":1,"minecraft:zombie":37,"minecraft:villager":1,"minecraft:cow":6,"minecraft:enderman":4},"minecraft:custom":{"minecraft:interact_with_anvil":4,"minecraft:mob_kills":139,"minecraft:interact_with_crafting_table":87,"minecraft:open_barrel":8,"minecraft:leave_game":11,"minecraft:time_since_death":347879,"minecraft:sprint_one_cm":853291,"minecraft:walk_one_cm":810185,"minecraft:damage_blocked_by_shield":1180,"minecraft:drop":63,"minecraft:talked_to_villager":252,"minecraft:play_time":347879,"minecraft:sneak_time":17730,"minecraft:walk_under_water_one_cm":21502,"minecraft:boat_one_cm":402351,"minecraft:jump":5936,"minecraft:interact_with_blast_furnace":1,"minecraft:walk_on_water_one_cm":34860,"minecraft:total_world_time":347879,"minecraft:interact_with_furnace":80,"minecraft:traded_with_villager":649,"minecraft:interact_with_grindstone":4,"minecraft:sleep_in_bed":17,"minecraft:time_since_rest":44187,"minecraft:damage_taken":3276,"minecraft:damage_dealt":21434,"minecraft:swim_one_cm":72445,"minecraft:fly_one_cm":925638,"minecraft:open_chest":186,"minecraft:crouch_one_cm":53279,"minecraft:fall_one_cm":112440},"minecraft:picked_up":{"minecraft:crafting_table":10,"minecraft:wheat":12,"minecraft:anvil":2,"minecraft:chicken":28,"minecraft:stone_slab":11,"minecraft:brown_mushroom":2,"minecraft:diamond_sword":2,"minecraft:enchanted_book":2,"minecraft:shield":1,"minecraft:amethyst_block":63,"minecraft:string":41,"minecraft:iron_axe":1,"minecraft:iron_leggings":1,"minecraft:activator_rail":1,"minecraft:gold_nugget":2,"minecraft:cobbled_deepslate":29,"minecraft:beef":9,"minecraft:oak_boat":16,"minecraft:cobblestone_slab":12,"minecraft:poppy":1,"minecraft:iron_pickaxe":1,"minecraft:sugar_cane":52,"minecraft:chest":2,"minecraft:birch_sapling":39,"minecraft:furnace":5,"minecraft:dark_oak_sapling":86,"minecraft:stick":314,"minecraft:raw_iron":158,"minecraft:torch":33,"minecraft:porkchop":7,"minecraft:cherry_log":23,"minecraft:diorite":9,"minecraft:carrot":221,"minecraft:redstone":122,"minecraft:dark_oak_planks":71,"minecraft:stone_sword":1,"minecraft:arrow":29,"minecraft:rotten_flesh":31,"minecraft:hay_block":70,"minecraft:mutton":32,"minecraft:rail":3,"minecraft:white_wool":19,"minecraft:cobblestone":985,"minecraft:stripped_oak_log":1,"minecraft:birch_log":434,"minecraft:pink_petals":2,"minecraft:feather":15,"minecraft:water_bucket":2,"minecraft:andesite":4,"minecraft:leather":7,"minecraft:birch_planks":4,"minecraft:flint":12,"minecraft:oak_log":1559,"minecraft:yellow_bed":3,"minecraft:gunpowder":2,"minecraft:lapis_lazuli":85,"minecraft:dirt":263,"minecraft:name_tag":1,"minecraft:bone":26,"minecraft:apple":79,"minecraft:bell":2,"minecraft:grindstone":9,"minecraft:bow":1,"minecraft:wheat_seeds":33,"minecraft:raw_gold":98,"minecraft:iron_ingot":90,"minecraft:fletching_table":2,"minecraft:iron_sword":1,"minecraft:oak_planks":107,"minecraft:oak_slab":3,"minecraft:pumpkin":4,"minecraft:dandelion":3,"minecraft:gravel":101,"minecraft:sand":70,"minecraft:white_bed":11,"minecraft:dark_oak_log":1474,"minecraft:spider_eye":3,"minecraft:barrel":2,"minecraft:diamond":5,"minecraft:iron_helmet":1,"minecraft:granite":2,"minecraft:cherry_sapling":16,"minecraft:emerald":86,"minecraft:bread":37,"minecraft:oak_sapling":221,"minecraft:black_wool":2,"minecraft:coal":270,"minecraft:ender_pearl":4,"minecraft:diamond_pickaxe":1},"minecraft:used":{"minecraft:stone_sword":125,"minecraft:poppy":1,"minecraft:chest":9,"minecraft:shield":42,"minecraft:iron_sword":198,"minecraft:stone_hoe":75,"minecraft:torch":399,"minecraft:dirt":34,"minecraft:anvil":2,"minecraft:carrot":44,"minecraft:golden_shovel":32,"minecraft:granite":1,"minecraft:iron_axe":2549,"minecraft:barrel":2,"minecraft:furnace":5,"minecraft:cobbled_deepslate":22,"minecraft:cooked_mutton":11,"minecraft:water_bucket":36,"minecraft:diorite":2,"minecraft:stone_pickaxe":105,"minecraft:oak_planks":14,"minecraft:wooden_pickaxe":9,"minecraft:cobblestone_slab":9,"minecraft:fletching_table":6,"minecraft:sand":23,"minecraft:oak_slab":4,"minecraft:crafting_table":13,"minecraft:blast_furnace":1,"minecraft:white_bed":7,"minecraft:oak_log":8,"minecraft:diamond_pickaxe":786,"minecraft:apple":5,"minecraft:diamond_shovel":232,"minecraft:bread":70,"minecraft:iron_pickaxe":604,"minecraft:stone_slab":13,"minecraft:gravel":99,"minecraft:stone_axe":734,"minecraft:diamond_sword":97,"minecraft:cobblestone":573,"minecraft:grindstone":10,"minecraft:andesite":1,"minecraft:bucket":38,"minecraft:yellow_bed":1,"minecraft:oak_boat":19}},"DataVersion":3465}