{"stats":{"minecraft:picked_up":{"minecraft:crafting_table":8,"minecraft:wheat":12,"minecraft:chicken":28,"minecraft:brown_mushroom":2,"minecraft:diamond_sword":2,"minecraft:enchanted_book":2,"minecraft:shield":1,"minecraft:amethyst_block":63,"minecraft:string":41,"minecraft:iron_leggings":1,"minecraft:activator_rail":1,"minecraft:gold_nugget":2,"minecraft:cobbled_deepslate":29,"minecraft:beef":7,"minecraft:oak_boat":6,"minecraft:cobblestone_slab":1,"minecraft:poppy":1,"minecraft:iron_pickaxe":1,"minecraft:sugar_cane":52,"minecraft:chest":2,"minecraft:birch_sapling":19,"minecraft:furnace":3,"minecraft:stick":71,"minecraft:raw_iron":158,"minecraft:torch":25,"minecraft:porkchop":7,"minecraft:diorite":9,"minecraft:redstone":122,"minecraft:stone_sword":1,"minecraft:arrow":25,"minecraft:rotten_flesh":22,"minecraft:hay_block":70,"minecraft:mutton":28,"minecraft:cobblestone":533,"minecraft:rail":3,"minecraft:white_wool":16,"minecraft:stripped_oak_log":1,"minecraft:birch_log":279,"minecraft:feather":15,"minecraft:water_bucket":2,"minecraft:andesite":4,"minecraft:leather":7,"minecraft:flint":3,"minecraft:oak_log":706,"minecraft:yellow_bed":1,"minecraft:gunpowder":1,"minecraft:lapis_lazuli":85,"minecraft:dirt":48,"minecraft:name_tag":1,"minecraft:bone":22,"minecraft:apple":18,"minecraft:wheat_seeds":33,"minecraft:raw_gold":98,"minecraft:iron_ingot":90,"minecraft:iron_sword":1,"minecraft:oak_planks":33,"minecraft:dandelion":1,"minecraft:gravel":43,"minecraft:white_bed":6,"minecraft:barrel":2,"minecraft:spider_eye":3,"minecraft:diamond":5,"minecraft:iron_helmet":1,"minecraft:granite":2,"minecraft:emerald":3,"minecraft:bread":36,"minecraft:oak_sapling":77,"minecraft:black_wool":2,"minecraft:coal":213,"minecraft:diamond_pickaxe":1,"minecraft:ender_pearl":4},"minecraft:broken":{"minecraft:iron_axe":1,"minecraft:iron_pickaxe":2},"minecraft:custom":{"minecraft:mob_kills":113,"minecraft:interact_with_crafting_table":51,"minecraft:open_barrel":7,"minecraft:leave_game":7,"minecraft:time_since_death":185240,"minecraft:sprint_one_cm":483010,"minecraft:walk_one_cm":352900,"minecraft:damage_blocked_by_shield":1015,"minecraft:drop":29,"minecraft:talked_to_villager":6,"minecraft:play_time":185240,"minecraft:sneak_time":15733,"minecraft:walk_under_water_one_cm":17166,"minecraft:boat_one_cm":204294,"minecraft:jump":3749,"minecraft:walk_on_water_one_cm":29170,"minecraft:total_world_time":185240,"minecraft:interact_with_furnace":60,"minecraft:traded_with_villager":66,"minecraft:sleep_in_bed":8,"minecraft:time_since_rest":16803,"minecraft:damage_taken":2880,"minecraft:damage_dealt":17906,"minecraft:swim_one_cm":55557,"minecraft:fly_one_cm":530123,"minecraft:open_chest":36,"minecraft:crouch_one_cm":44182,"minecraft:fall_one_cm":72183},"minecraft:used":{"minecraft:stone_sword":125,"minecraft:poppy":1,"minecraft:chest":5,"minecraft:shield":36,"minecraft:iron_sword":198,"minecraft:stone_hoe":75,"minecraft:torch":368,"minecraft:dirt":14,"minecraft:carrot":2,"minecraft:granite":1,"minecraft:iron_axe":394,"minecraft:barrel":2,"minecraft:furnace":4,"minecraft:cobbled_deepslate":22,"minecraft:cooked_mutton":11,"minecraft:water_bucket":36,"minecraft:diorite":2,"minecraft:stone_pickaxe":105,"minecraft:oak_planks":14,"minecraft:wooden_pickaxe":9,"minecraft:fletching_table":1,"minecraft:crafting_table":11,"minecraft:white_bed":4,"minecraft:oak_log":4,"minecraft:diamond_pickaxe":245,"minecraft:apple":3,"minecraft:bread":61,"minecraft:iron_pickaxe":604,"minecraft:gravel":46,"minecraft:stone_axe":69,"minecraft:diamond_sword":41,"minecraft:cobblestone":227,"minecraft:andesite":1,"minecraft:bucket":38,"minecraft:oak_boat":10},"minecraft:mined":{"minecraft:tuff":1,"minecraft:white_bed":6,"minecraft:deepslate_diamond_ore":4,"minecraft:granite":1,"minecraft:grass_block":10,"minecraft:brown_mushroom_block":7,"minecraft:spawner":2,"minecraft:hay_block":70,"minecraft:tall_seagrass":2,"minecraft:furnace":3,"minecraft:iron_ore":116,"minecraft:barrel":2,"minecraft:andesite":5,"minecraft:deepslate_lapis_ore":6,"minecraft:cobblestone_slab":1,"minecraft:deepslate_iron_ore":42,"minecraft:stripped_oak_log":1,"minecraft:stone":359,"minecraft:deepslate_redstone_ore":13,"minecraft:crafting_table":8,"minecraft:calcite":3,"minecraft:chest":2,"minecraft:mushroom_stem":3,"minecraft:tall_grass":1,"minecraft:cobblestone":92,"minecraft:lapis_ore":7,"minecraft:deepslate_gold_ore":28,"minecraft:sugar_cane":23,"minecraft:oak_planks":2,"minecraft:diorite":7,"minecraft:wall_torch":7,"minecraft:amethyst_block":64,"minecraft:birch_log":93,"minecraft:wheat":12,"minecraft:birch_leaves":2,"minecraft:yellow_bed":1,"minecraft:grass":28,"minecraft:oak_log":304,"minecraft:coal_ore":152,"minecraft:gravel":46,"minecraft:dirt":11,"minecraft:cobweb":35,"minecraft:smooth_basalt":2,"minecraft:gold_ore":22,"minecraft:oak_leaves":102,"minecraft:deepslate":30},"minecraft:killed":{"minecraft:cave_spider":2,"minecraft:spider":9,"minecraft:skeleton":27,"minecraft:chicken":14,"minecraft:pig":4,"minecraft:iron_golem":1,"minecraft:creeper":3,"minecraft:sheep":17,"minecraft:zombie":24,"minecraft:cow":5,"minecraft:enderman":4},"minecraft:dropped":{"minecraft:water_bucket":1,"minecraft:iron_sword":1,"minecraft:brown_mushroom":2,"minecraft:feather":15,"minecraft:granite":1,"minecraft:dirt":1,"minecraft:diorite":3,"minecraft:gold_nugget":2,"minecraft:string":2,"minecraft:dandelion":1,"minecraft:stone_sword":2,"minecraft:birch_sapling":3,"minecraft:rotten_flesh":2,"minecraft:oak_planks":2,"minecraft:carrot":383,"minecraft:diamond_sword":1,"minecraft:oak_sapling":1,"minecraft:wooden_pickaxe":1,"minecraft:stone_pickaxe":1,"minecraft:black_wool":2},"minecraft:crafted":{"minecraft:oak_planks":1220,"minecraft:furnace":2,"minecraft:cooked_mutton":11,"minecraft:iron_boots":1,"minecraft:iron_axe":2,"minecraft:stone_pickaxe":1,"minecraft:chest":3,"minecraft:stone_hoe":1,"minecraft:wheat":270,"minecraft:diamond_sword":1,"minecraft:emerald":66,"minecraft:crafting_table":4,"minecraft:wooden_pickaxe":1,"minecraft:iron_helmet":1,"minecraft:iron_sword":1,"minecraft:fletching_table":1,"minecraft:bucket":2,"minecraft:stone_axe":1,"minecraft:bread":93,"minecraft:air":0,"minecraft:oak_boat":4,"minecraft:iron_chestplate":1,"minecraft:diamond_pickaxe":1,"minecraft:shield":1,"minecraft:stick":2284,"minecraft:iron_ingot":73,"minecraft:iron_pickaxe":2,"minecraft:stone_sword":1,"minecraft:iron_shovel":1,"minecraft:iron_leggings":1,"minecraft:white_bed":1,"minecraft:torch":340}},"DataVersion":3465}