{"stats":{"minecraft:dropped":{"minecraft:water_bucket":1,"minecraft:bread":3,"minecraft:iron_sword":1,"minecraft:brown_mushroom":2,"minecraft:feather":15,"minecraft:cobblestone":1,"minecraft:granite":1,"minecraft:stick":33,"minecraft:dirt":2,"minecraft:diorite":3,"minecraft:gold_nugget":2,"minecraft:string":2,"minecraft:dandelion":1,"minecraft:stone_sword":2,"minecraft:birch_sapling":13,"minecraft:rotten_flesh":2,"minecraft:oak_planks":2,"minecraft:carrot":390,"minecraft:diamond_sword":1,"minecraft:oak_sapling":79,"minecraft:wooden_pickaxe":1,"minecraft:stone_pickaxe":1,"minecraft:black_wool":2},"minecraft:mined":{"minecraft:tuff":1,"minecraft:white_bed":11,"minecraft:deepslate_diamond_ore":4,"minecraft:cherry_log":23,"minecraft:granite":1,"minecraft:grass_block":31,"minecraft:brown_mushroom_block":7,"minecraft:spawner":2,"minecraft:hay_block":70,"minecraft:tall_seagrass":2,"minecraft:furnace":5,"minecraft:iron_ore":116,"minecraft:barrel":2,"minecraft:andesite":5,"minecraft:pumpkin":4,"minecraft:anvil":1,"minecraft:fletching_table":2,"minecraft:deepslate_lapis_ore":6,"minecraft:deepslate_iron_ore":42,"minecraft:cobblestone_slab":12,"minecraft:stripped_oak_log":1,"minecraft:stone":685,"minecraft:deepslate_redstone_ore":13,"minecraft:dandelion":1,"minecraft:powder_snow":9,"minecraft:crafting_table":10,"minecraft:torch":1,"minecraft:calcite":3,"minecraft:chest":2,"minecraft:mushroom_stem":3,"minecraft:stone_slab":11,"minecraft:tall_grass":1,"minecraft:cobblestone":213,"minecraft:lapis_ore":7,"minecraft:deepslate_gold_ore":28,"minecraft:sugar_cane":23,"minecraft:oak_planks":2,"minecraft:diorite":7,"minecraft:wall_torch":11,"minecraft:amethyst_block":64,"minecraft:pink_petals":1,"minecraft:birch_log":259,"minecraft:wheat":12,"minecraft:lilac":1,"minecraft:birch_leaves":2,"minecraft:yellow_bed":3,"minecraft:grass":40,"minecraft:oak_log":1183,"minecraft:coal_ore":195,"minecraft:sand":42,"minecraft:gravel":113,"minecraft:dirt":67,"minecraft:cobweb":35,"minecraft:smooth_basalt":2,"minecraft:gold_ore":22,"minecraft:oak_leaves":147,"minecraft:deepslate":30},"minecraft:crafted":{"minecraft:oak_planks":5124,"minecraft:smooth_stone":6,"minecraft:smooth_stone_slab":6,"minecraft:furnace":3,"minecraft:blast_furnace":1,"minecraft:stone":9,"minecraft:diamond_shovel":1,"minecraft:cooked_mutton":11,"minecraft:diamond_helmet":2,"minecraft:diamond_leggings":1,"minecraft:iron_boots":13,"minecraft:iron_axe":5,"minecraft:stone_pickaxe":1,"minecraft:chest":3,"minecraft:diamond_boots":1,"minecraft:stone_hoe":1,"minecraft:wheat":270,"minecraft:diamond_sword":1,"minecraft:emerald":417,"minecraft:crafting_table":5,"minecraft:wooden_pickaxe":1,"minecraft:iron_helmet":1,"minecraft:iron_sword":1,"minecraft:fletching_table":4,"minecraft:bucket":2,"minecraft:birch_planks":1364,"minecraft:stone_axe":22,"minecraft:bread":93,"minecraft:air":0,"minecraft:oak_boat":5,"minecraft:iron_chestplate":1,"minecraft:diamond_pickaxe":1,"minecraft:shield":12,"minecraft:stick":12734,"minecraft:stone_slab":6,"minecraft:iron_ingot":86,"minecraft:iron_pickaxe":2,"minecraft:stone_sword":1,"minecraft:iron_shovel":1,"minecraft:iron_leggings":1,"minecraft:white_bed":2,"minecraft:torch":364,"minecraft:diamond_chestplate":1},"minecraft:broken":{"minecraft:iron_axe":4,"minecraft:stone_axe":2,"minecraft:iron_pickaxe":2},"minecraft:killed":{"minecraft:cave_spider":2,"minecraft:spider":10,"minecraft:skeleton":31,"minecraft:chicken":14,"minecraft:pig":4,"minecraft:iron_golem":1,"minecraft:creeper":3,"minecraft:sheep":20,"minecraft:zombie":37,"minecraft:villager":1,"minecraft:cow":6,"minecraft:enderman":4},"minecraft:custom":{"minecraft:interact_with_anvil":3,"minecraft:mob_kills":137,"minecraft:interact_with_crafting_table":79,"minecraft:open_barrel":8,"minecraft:leave_game":10,"minecraft:time_since_death":306056,"minecraft:sprint_one_cm":747506,"minecraft:walk_one_cm":715613,"minecraft:damage_blocked_by_shield":1180,"minecraft:drop":48,"minecraft:talked_to_villager":130,"minecraft:play_time":306056,"minecraft:sneak_time":17031,"minecraft:walk_under_water_one_cm":19677,"minecraft:boat_one_cm":364448,"minecraft:jump":5446,"minecraft:interact_with_blast_furnace":1,"minecraft:walk_on_water_one_cm":31164,"minecraft:total_world_time":306056,"minecraft:interact_with_furnace":77,"minecraft:traded_with_villager":445,"minecraft:sleep_in_bed":17,"minecraft:time_since_rest":2364,"minecraft:damage_taken":3222,"minecraft:damage_dealt":21105,"minecraft:swim_one_cm":60440,"minecraft:fly_one_cm":837706,"minecraft:open_chest":131,"minecraft:crouch_one_cm":49925,"minecraft:fall_one_cm":104720},"minecraft:picked_up":{"minecraft:crafting_table":10,"minecraft:wheat":12,"minecraft:anvil":1,"minecraft:chicken":28,"minecraft:stone_slab":11,"minecraft:brown_mushroom":2,"minecraft:diamond_sword":2,"minecraft:enchanted_book":2,"minecraft:shield":1,"minecraft:amethyst_block":63,"minecraft:string":41,"minecraft:iron_leggings":1,"minecraft:activator_rail":1,"minecraft:gold_nugget":2,"minecraft:cobbled_deepslate":29,"minecraft:beef":9,"minecraft:oak_boat":15,"minecraft:cobblestone_slab":12,"minecraft:poppy":1,"minecraft:iron_pickaxe":1,"minecraft:sugar_cane":52,"minecraft:chest":2,"minecraft:birch_sapling":39,"minecraft:furnace":5,"minecraft:stick":250,"minecraft:raw_iron":158,"minecraft:torch":31,"minecraft:porkchop":7,"minecraft:cherry_log":23,"minecraft:diorite":9,"minecraft:carrot":216,"minecraft:redstone":122,"minecraft:stone_sword":1,"minecraft:arrow":29,"minecraft:rotten_flesh":31,"minecraft:hay_block":70,"minecraft:mutton":32,"minecraft:rail":3,"minecraft:white_wool":19,"minecraft:cobblestone":978,"minecraft:stripped_oak_log":1,"minecraft:birch_log":434,"minecraft:pink_petals":2,"minecraft:feather":15,"minecraft:water_bucket":2,"minecraft:andesite":4,"minecraft:leather":7,"minecraft:birch_planks":4,"minecraft:flint":12,"minecraft:oak_log":1558,"minecraft:yellow_bed":3,"minecraft:gunpowder":1,"minecraft:lapis_lazuli":85,"minecraft:dirt":125,"minecraft:name_tag":1,"minecraft:bone":26,"minecraft:apple":68,"minecraft:bow":1,"minecraft:wheat_seeds":33,"minecraft:raw_gold":98,"minecraft:iron_ingot":90,"minecraft:fletching_table":2,"minecraft:iron_sword":1,"minecraft:oak_planks":107,"minecraft:pumpkin":4,"minecraft:dandelion":2,"minecraft:gravel":101,"minecraft:sand":42,"minecraft:white_bed":11,"minecraft:spider_eye":3,"minecraft:barrel":2,"minecraft:diamond":5,"minecraft:iron_helmet":1,"minecraft:granite":2,"minecraft:cherry_sapling":16,"minecraft:emerald":3,"minecraft:bread":37,"minecraft:oak_sapling":221,"minecraft:black_wool":2,"minecraft:coal":270,"minecraft:ender_pearl":4,"minecraft:diamond_pickaxe":1},"minecraft:used":{"minecraft:stone_sword":125,"minecraft:poppy":1,"minecraft:chest":5,"minecraft:shield":42,"minecraft:iron_sword":198,"minecraft:stone_hoe":75,"minecraft:torch":386,"minecraft:dirt":14,"minecraft:anvil":1,"minecraft:carrot":30,"minecraft:granite":1,"minecraft:iron_axe":1253,"minecraft:barrel":2,"minecraft:furnace":5,"minecraft:cobbled_deepslate":22,"minecraft:cooked_mutton":11,"minecraft:water_bucket":36,"minecraft:diorite":2,"minecraft:stone_pickaxe":105,"minecraft:oak_planks":14,"minecraft:wooden_pickaxe":9,"minecraft:cobblestone_slab":9,"minecraft:fletching_table":6,"minecraft:crafting_table":13,"minecraft:blast_furnace":1,"minecraft:white_bed":7,"minecraft:oak_log":8,"minecraft:diamond_pickaxe":766,"minecraft:apple":3,"minecraft:diamond_shovel":123,"minecraft:bread":70,"minecraft:iron_pickaxe":604,"minecraft:stone_slab":13,"minecraft:gravel":99,"minecraft:stone_axe":496,"minecraft:diamond_sword":92,"minecraft:cobblestone":568,"minecraft:andesite":1,"minecraft:bucket":38,"minecraft:yellow_bed":1,"minecraft:oak_boat":18}},"DataVersion":3465}