{"stats":{"minecraft:killed":{"minecraft:skeleton":1,"minecraft:sheep":7,"minecraft:zombie":1,"minecraft:pig":4,"minecraft:chicken":13,"minecraft:spider":1,"minecraft:enderman":1,"minecraft:cow":5},"minecraft:dropped":{"minecraft:dirt":1},"minecraft:mined":{"minecraft:white_bed":1,"minecraft:furnace":2,"minecraft:crafting_table":4,"minecraft:grass":4,"minecraft:coal_ore":35,"minecraft:grass_block":7,"minecraft:oak_log":14,"minecraft:dirt":11,"minecraft:mushroom_stem":3,"minecraft:brown_mushroom_block":7,"minecraft:stone":19,"minecraft:oak_planks":2,"minecraft:sugar_cane":12,"minecraft:oak_leaves":6},"minecraft:used":{"minecraft:cooked_mutton":8,"minecraft:stone_sword":75,"minecraft:stone_pickaxe":47,"minecraft:oak_planks":13,"minecraft:wooden_pickaxe":9,"minecraft:stone_axe":22,"minecraft:dirt":4,"minecraft:crafting_table":4,"minecraft:furnace":2,"minecraft:white_bed":1},"minecraft:picked_up":{"minecraft:stick":1,"minecraft:crafting_table":4,"minecraft:feather":13,"minecraft:chicken":13,"minecraft:leather":7,"minecraft:brown_mushroom":2,"minecraft:porkchop":7,"minecraft:oak_log":14,"minecraft:white_bed":1,"minecraft:string":2,"minecraft:dirt":45,"minecraft:bone":1,"minecraft:arrow":1,"minecraft:rotten_flesh":2,"minecraft:beef":7,"minecraft:birch_sapling":3,"minecraft:oak_planks":2,"minecraft:sugar_cane":31,"minecraft:mutton":13,"minecraft:coal":82,"minecraft:ender_pearl":1,"minecraft:white_wool":7,"minecraft:cobblestone":19,"minecraft:furnace":2},"minecraft:crafted":{"minecraft:oak_planks":36,"minecraft:crafting_table":1,"minecraft:stick":8,"minecraft:wooden_pickaxe":1,"minecraft:stone_pickaxe":1,"minecraft:stone_sword":1,"minecraft:furnace":1,"minecraft:white_bed":1,"minecraft:stone_axe":1,"minecraft:air":0,"minecraft:cooked_mutton":11},"minecraft:custom":{"minecraft:time_since_rest":6543,"minecraft:interact_with_furnace":18,"minecraft:sprint_one_cm":71756,"minecraft:damage_taken":390,"minecraft:walk_one_cm":36300,"minecraft:mob_kills":33,"minecraft:drop":1,"minecraft:damage_dealt":2843,"minecraft:swim_one_cm":14413,"minecraft:interact_with_crafting_table":4,"minecraft:fly_one_cm":107272,"minecraft:crouch_one_cm":3297,"minecraft:play_time":22236,"minecraft:sneak_time":1714,"minecraft:walk_under_water_one_cm":1148,"minecraft:jump":614,"minecraft:leave_game":1,"minecraft:time_since_death":22236,"minecraft:walk_on_water_one_cm":3540,"minecraft:sleep_in_bed":1,"minecraft:total_world_time":22236,"minecraft:fall_one_cm":11448}},"DataVersion":3465}