{"stats":{"minecraft:dropped":{"minecraft:iron_sword":1,"minecraft:brown_mushroom":2,"minecraft:feather":15,"minecraft:granite":1,"minecraft:dirt":1,"minecraft:diorite":3,"minecraft:gold_nugget":2,"minecraft:string":2,"minecraft:dandelion":1,"minecraft:stone_sword":2,"minecraft:birch_sapling":3,"minecraft:rotten_flesh":2,"minecraft:oak_planks":2,"minecraft:oak_sapling":1,"minecraft:stone_pickaxe":1,"minecraft:wooden_pickaxe":1,"minecraft:black_wool":2},"minecraft:custom":{"minecraft:mob_kills":100,"minecraft:interact_with_crafting_table":35,"minecraft:leave_game":2,"minecraft:time_since_death":103947,"minecraft:sprint_one_cm":345656,"minecraft:walk_one_cm":222118,"minecraft:damage_blocked_by_shield":910,"minecraft:drop":21,"minecraft:play_time":103947,"minecraft:sneak_time":7207,"minecraft:walk_under_water_one_cm":3724,"minecraft:jump":2716,"minecraft:walk_on_water_one_cm":14807,"minecraft:total_world_time":103947,"minecraft:interact_with_furnace":51,"minecraft:sleep_in_bed":4,"minecraft:time_since_rest":1837,"minecraft:damage_taken":2401,"minecraft:damage_dealt":15853,"minecraft:swim_one_cm":32229,"minecraft:fly_one_cm":387936,"minecraft:open_chest":11,"minecraft:crouch_one_cm":15538,"minecraft:fall_one_cm":54999},"minecraft:picked_up":{"minecraft:crafting_table":8,"minecraft:wheat":12,"minecraft:chicken":14,"minecraft:brown_mushroom":2,"minecraft:amethyst_block":63,"minecraft:string":41,"minecraft:gold_nugget":2,"minecraft:cobbled_deepslate":29,"minecraft:beef":7,"minecraft:oak_boat":1,"minecraft:poppy":1,"minecraft:sugar_cane":46,"minecraft:chest":2,"minecraft:birch_sapling":3,"minecraft:furnace":3,"minecraft:stick":1,"minecraft:raw_iron":140,"minecraft:torch":7,"minecraft:porkchop":7,"minecraft:diorite":5,"minecraft:redstone":61,"minecraft:stone_sword":1,"minecraft:arrow":22,"minecraft:rotten_flesh":16,"minecraft:hay_block":70,"minecraft:mutton":28,"minecraft:cobblestone":206,"minecraft:white_wool":16,"minecraft:rail":3,"minecraft:feather":15,"minecraft:andesite":3,"minecraft:leather":7,"minecraft:oak_log":44,"minecraft:yellow_bed":1,"minecraft:lapis_lazuli":85,"minecraft:dirt":45,"minecraft:bone":16,"minecraft:wheat_seeds":30,"minecraft:raw_gold":49,"minecraft:iron_ingot":5,"minecraft:oak_planks":5,"minecraft:iron_sword":1,"minecraft:dandelion":1,"minecraft:white_bed":5,"minecraft:spider_eye":3,"minecraft:diamond":4,"minecraft:granite":1,"minecraft:oak_sapling":1,"minecraft:black_wool":2,"minecraft:coal":208,"minecraft:ender_pearl":2},"minecraft:killed":{"minecraft:cave_spider":2,"minecraft:spider":7,"minecraft:skeleton":24,"minecraft:chicken":14,"minecraft:pig":4,"minecraft:iron_golem":1,"minecraft:creeper":2,"minecraft:sheep":17,"minecraft:zombie":18,"minecraft:cow":5,"minecraft:enderman":4},"minecraft:crafted":{"minecraft:oak_planks":104,"minecraft:furnace":2,"minecraft:cooked_mutton":11,"minecraft:iron_boots":1,"minecraft:stone_pickaxe":1,"minecraft:chest":1,"minecraft:stone_hoe":1,"minecraft:wheat":180,"minecraft:diamond_sword":1,"minecraft:crafting_table":4,"minecraft:wooden_pickaxe":1,"minecraft:iron_helmet":1,"minecraft:iron_sword":1,"minecraft:bucket":1,"minecraft:stone_axe":1,"minecraft:bread":63,"minecraft:air":0,"minecraft:oak_boat":1,"minecraft:iron_chestplate":1,"minecraft:diamond_pickaxe":1,"minecraft:shield":1,"minecraft:stick":104,"minecraft:iron_ingot":36,"minecraft:iron_pickaxe":2,"minecraft:stone_sword":1,"minecraft:iron_leggings":1,"minecraft:white_bed":1,"minecraft:torch":340},"minecraft:broken":{"minecraft:iron_pickaxe":1},"minecraft:used":{"minecraft:stone_sword":125,"minecraft:poppy":1,"minecraft:chest":3,"minecraft:shield":31,"minecraft:iron_sword":198,"minecraft:stone_hoe":75,"minecraft:torch":350,"minecraft:dirt":13,"minecraft:furnace":4,"minecraft:cobbled_deepslate":22,"minecraft:cooked_mutton":11,"minecraft:water_bucket":16,"minecraft:diorite":2,"minecraft:stone_pickaxe":105,"minecraft:oak_planks":14,"minecraft:wooden_pickaxe":9,"minecraft:crafting_table":11,"minecraft:white_bed":4,"minecraft:diamond_pickaxe":131,"minecraft:apple":3,"minecraft:bread":44,"minecraft:iron_pickaxe":437,"minecraft:stone_axe":69,"minecraft:diamond_sword":9,"minecraft:cobblestone":82,"minecraft:bucket":17,"minecraft:andesite":1,"minecraft:oak_boat":2},"minecraft:mined":{"minecraft:tuff":1,"minecraft:white_bed":5,"minecraft:deepslate_diamond_ore":4,"minecraft:granite":1,"minecraft:grass_block":7,"minecraft:brown_mushroom_block":7,"minecraft:spawner":2,"minecraft:hay_block":70,"minecraft:tall_seagrass":2,"minecraft:furnace":3,"minecraft:iron_ore":98,"minecraft:andesite":4,"minecraft:deepslate_lapis_ore":6,"minecraft:deepslate_iron_ore":42,"minecraft:stone":197,"minecraft:deepslate_redstone_ore":13,"minecraft:crafting_table":8,"minecraft:calcite":3,"minecraft:chest":2,"minecraft:mushroom_stem":3,"minecraft:cobblestone":3,"minecraft:lapis_ore":7,"minecraft:deepslate_gold_ore":28,"minecraft:oak_planks":2,"minecraft:sugar_cane":20,"minecraft:diorite":3,"minecraft:wall_torch":2,"minecraft:amethyst_block":64,"minecraft:wheat":12,"minecraft:yellow_bed":1,"minecraft:grass":14,"minecraft:coal_ore":148,"minecraft:oak_log":44,"minecraft:dirt":11,"minecraft:cobweb":35,"minecraft:smooth_basalt":2,"minecraft:gold_ore":22,"minecraft:oak_leaves":17,"minecraft:deepslate":30}},"DataVersion":3465}