{"stats":{"minecraft:killed":{"minecraft:cave_spider":2,"minecraft:spider":8,"minecraft:skeleton":26,"minecraft:chicken":14,"minecraft:pig":4,"minecraft:iron_golem":1,"minecraft:creeper":3,"minecraft:sheep":17,"minecraft:zombie":23,"minecraft:cow":5,"minecraft:enderman":4},"minecraft:dropped":{"minecraft:iron_sword":1,"minecraft:brown_mushroom":2,"minecraft:feather":15,"minecraft:granite":1,"minecraft:dirt":1,"minecraft:diorite":3,"minecraft:gold_nugget":2,"minecraft:string":2,"minecraft:dandelion":1,"minecraft:stone_sword":2,"minecraft:birch_sapling":3,"minecraft:rotten_flesh":2,"minecraft:oak_planks":2,"minecraft:oak_sapling":1,"minecraft:wooden_pickaxe":1,"minecraft:stone_pickaxe":1,"minecraft:black_wool":2},"minecraft:mined":{"minecraft:tuff":1,"minecraft:white_bed":5,"minecraft:deepslate_diamond_ore":4,"minecraft:granite":1,"minecraft:grass_block":7,"minecraft:brown_mushroom_block":7,"minecraft:spawner":2,"minecraft:hay_block":70,"minecraft:tall_seagrass":2,"minecraft:furnace":3,"minecraft:iron_ore":112,"minecraft:andesite":5,"minecraft:deepslate_lapis_ore":6,"minecraft:deepslate_iron_ore":42,"minecraft:stone":352,"minecraft:deepslate_redstone_ore":13,"minecraft:crafting_table":8,"minecraft:calcite":3,"minecraft:chest":2,"minecraft:mushroom_stem":3,"minecraft:cobblestone":38,"minecraft:lapis_ore":7,"minecraft:deepslate_gold_ore":28,"minecraft:sugar_cane":20,"minecraft:oak_planks":2,"minecraft:diorite":7,"minecraft:wall_torch":4,"minecraft:amethyst_block":64,"minecraft:wheat":12,"minecraft:yellow_bed":1,"minecraft:grass":14,"minecraft:oak_log":44,"minecraft:coal_ore":152,"minecraft:dirt":11,"minecraft:cobweb":35,"minecraft:smooth_basalt":2,"minecraft:gold_ore":22,"minecraft:oak_leaves":17,"minecraft:deepslate":30},"minecraft:used":{"minecraft:stone_sword":125,"minecraft:poppy":1,"minecraft:chest":3,"minecraft:shield":34,"minecraft:iron_sword":198,"minecraft:stone_hoe":75,"minecraft:torch":365,"minecraft:dirt":13,"minecraft:granite":1,"minecraft:furnace":4,"minecraft:cobbled_deepslate":22,"minecraft:cooked_mutton":11,"minecraft:water_bucket":32,"minecraft:diorite":2,"minecraft:stone_pickaxe":105,"minecraft:oak_planks":14,"minecraft:wooden_pickaxe":9,"minecraft:crafting_table":11,"minecraft:white_bed":4,"minecraft:diamond_pickaxe":211,"minecraft:apple":3,"minecraft:bread":51,"minecraft:iron_pickaxe":571,"minecraft:stone_axe":69,"minecraft:diamond_sword":33,"minecraft:cobblestone":197,"minecraft:bucket":34,"minecraft:andesite":1,"minecraft:oak_boat":2},"minecraft:picked_up":{"minecraft:crafting_table":8,"minecraft:wheat":12,"minecraft:chicken":28,"minecraft:brown_mushroom":2,"minecraft:diamond_sword":1,"minecraft:enchanted_book":2,"minecraft:shield":1,"minecraft:amethyst_block":63,"minecraft:string":41,"minecraft:iron_leggings":1,"minecraft:activator_rail":1,"minecraft:gold_nugget":2,"minecraft:cobbled_deepslate":29,"minecraft:beef":7,"minecraft:oak_boat":2,"minecraft:poppy":1,"minecraft:iron_pickaxe":1,"minecraft:sugar_cane":46,"minecraft:chest":2,"minecraft:birch_sapling":3,"minecraft:furnace":3,"minecraft:stick":4,"minecraft:raw_iron":154,"minecraft:torch":22,"minecraft:porkchop":7,"minecraft:diorite":9,"minecraft:redstone":122,"minecraft:stone_sword":1,"minecraft:arrow":24,"minecraft:rotten_flesh":22,"minecraft:hay_block":70,"minecraft:mutton":28,"minecraft:cobblestone":461,"minecraft:rail":3,"minecraft:white_wool":16,"minecraft:feather":15,"minecraft:water_bucket":1,"minecraft:andesite":4,"minecraft:leather":7,"minecraft:oak_log":44,"minecraft:yellow_bed":1,"minecraft:gunpowder":1,"minecraft:lapis_lazuli":85,"minecraft:dirt":45,"minecraft:bone":20,"minecraft:wheat_seeds":30,"minecraft:raw_gold":49,"minecraft:iron_ingot":33,"minecraft:oak_planks":18,"minecraft:iron_sword":1,"minecraft:dandelion":1,"minecraft:white_bed":5,"minecraft:spider_eye":3,"minecraft:diamond":4,"minecraft:iron_helmet":1,"minecraft:granite":2,"minecraft:bread":23,"minecraft:coal":213,"minecraft:oak_sapling":1,"minecraft:black_wool":2,"minecraft:diamond_pickaxe":1,"minecraft:ender_pearl":2},"minecraft:broken":{"minecraft:iron_pickaxe":1},"minecraft:crafted":{"minecraft:oak_planks":124,"minecraft:furnace":2,"minecraft:cooked_mutton":11,"minecraft:iron_boots":1,"minecraft:stone_pickaxe":1,"minecraft:chest":1,"minecraft:stone_hoe":1,"minecraft:wheat":180,"minecraft:diamond_sword":1,"minecraft:crafting_table":4,"minecraft:wooden_pickaxe":1,"minecraft:iron_helmet":1,"minecraft:iron_sword":1,"minecraft:bucket":2,"minecraft:stone_axe":1,"minecraft:bread":63,"minecraft:air":0,"minecraft:oak_boat":2,"minecraft:iron_chestplate":1,"minecraft:diamond_pickaxe":1,"minecraft:shield":1,"minecraft:stick":104,"minecraft:iron_ingot":68,"minecraft:iron_pickaxe":2,"minecraft:stone_sword":1,"minecraft:iron_shovel":1,"minecraft:iron_leggings":1,"minecraft:white_bed":1,"minecraft:torch":340},"minecraft:custom":{"minecraft:mob_kills":110,"minecraft:interact_with_crafting_table":40,"minecraft:leave_game":4,"minecraft:time_since_death":122134,"minecraft:sprint_one_cm":366708,"minecraft:walk_one_cm":249862,"minecraft:damage_blocked_by_shield":970,"minecraft:drop":21,"minecraft:play_time":122134,"minecraft:sneak_time":13046,"minecraft:walk_under_water_one_cm":13031,"minecraft:jump":3045,"minecraft:walk_on_water_one_cm":20635,"minecraft:total_world_time":122134,"minecraft:interact_with_furnace":53,"minecraft:sleep_in_bed":4,"minecraft:time_since_rest":20024,"minecraft:damage_taken":2695,"minecraft:damage_dealt":17480,"minecraft:swim_one_cm":37717,"minecraft:fly_one_cm":415750,"minecraft:open_chest":12,"minecraft:crouch_one_cm":36193,"minecraft:fall_one_cm":61806}},"DataVersion":3465}