{"stats":{"minecraft:killed":{"minecraft:sheep":6,"minecraft:chicken":7,"minecraft:cow":4},"minecraft:dropped":{"minecraft:dirt":1},"minecraft:mined":{"minecraft:crafting_table":2,"minecraft:grass_block":1,"minecraft:oak_log":14,"minecraft:dirt":4,"minecraft:stone":9,"minecraft:oak_leaves":4},"minecraft:used":{"minecraft:stone_sword":27,"minecraft:wooden_pickaxe":9,"minecraft:stone_axe":8,"minecraft:dirt":4,"minecraft:crafting_table":2},"minecraft:picked_up":{"minecraft:crafting_table":2,"minecraft:feather":8,"minecraft:chicken":7,"minecraft:leather":6,"minecraft:oak_log":14,"minecraft:dirt":5,"minecraft:beef":6,"minecraft:mutton":10,"minecraft:white_wool":6,"minecraft:cobblestone":9},"minecraft:crafted":{"minecraft:oak_planks":36,"minecraft:crafting_table":1,"minecraft:stick":8,"minecraft:wooden_pickaxe":1,"minecraft:stone_pickaxe":1,"minecraft:stone_sword":1,"minecraft:stone_axe":1},"minecraft:custom":{"minecraft:time_since_rest":5765,"minecraft:sprint_one_cm":15810,"minecraft:walk_one_cm":10973,"minecraft:mob_kills":17,"minecraft:drop":1,"minecraft:damage_dealt":1150,"minecraft:swim_one_cm":449,"minecraft:interact_with_crafting_table":2,"minecraft:fly_one_cm":17534,"minecraft:crouch_one_cm":749,"minecraft:play_time":5765,"minecraft:sneak_time":392,"minecraft:walk_under_water_one_cm":81,"minecraft:jump":130,"minecraft:time_since_death":5765,"minecraft:walk_on_water_one_cm":284,"minecraft:total_world_time":5765,"minecraft:fall_one_cm":1314}},"DataVersion":3465}