{"stats":{"minecraft:killed":{"minecraft:cave_spider":2,"minecraft:spider":9,"minecraft:skeleton":27,"minecraft:chicken":14,"minecraft:pig":4,"minecraft:iron_golem":1,"minecraft:creeper":3,"minecraft:sheep":17,"minecraft:zombie":24,"minecraft:cow":5,"minecraft:enderman":4},"minecraft:crafted":{"minecraft:oak_planks":1808,"minecraft:smooth_stone":6,"minecraft:smooth_stone_slab":6,"minecraft:furnace":3,"minecraft:blast_furnace":1,"minecraft:stone":9,"minecraft:cooked_mutton":11,"minecraft:iron_boots":13,"minecraft:iron_axe":5,"minecraft:stone_pickaxe":1,"minecraft:chest":3,"minecraft:diamond_boots":1,"minecraft:stone_hoe":1,"minecraft:wheat":270,"minecraft:diamond_sword":1,"minecraft:emerald":163,"minecraft:crafting_table":4,"minecraft:wooden_pickaxe":1,"minecraft:iron_helmet":1,"minecraft:iron_sword":1,"minecraft:fletching_table":2,"minecraft:bucket":2,"minecraft:birch_planks":744,"minecraft:stone_axe":1,"minecraft:bread":93,"minecraft:air":0,"minecraft:oak_boat":4,"minecraft:iron_chestplate":1,"minecraft:diamond_pickaxe":1,"minecraft:shield":11,"minecraft:stick":4940,"minecraft:stone_slab":6,"minecraft:iron_ingot":86,"minecraft:iron_pickaxe":2,"minecraft:stone_sword":1,"minecraft:iron_shovel":1,"minecraft:iron_leggings":1,"minecraft:white_bed":1,"minecraft:torch":340},"minecraft:custom":{"minecraft:mob_kills":113,"minecraft:interact_with_crafting_table":68,"minecraft:open_barrel":8,"minecraft:leave_game":9,"minecraft:time_since_death":228272,"minecraft:sprint_one_cm":526762,"minecraft:walk_one_cm":458058,"minecraft:damage_blocked_by_shield":1015,"minecraft:drop":32,"minecraft:talked_to_villager":45,"minecraft:play_time":228272,"minecraft:sneak_time":15829,"minecraft:walk_under_water_one_cm":17166,"minecraft:boat_one_cm":267341,"minecraft:jump":4092,"minecraft:walk_on_water_one_cm":29170,"minecraft:total_world_time":228272,"minecraft:interact_with_furnace":75,"minecraft:traded_with_villager":186,"minecraft:sleep_in_bed":10,"minecraft:time_since_rest":11011,"minecraft:damage_taken":2930,"minecraft:damage_dealt":17917,"minecraft:swim_one_cm":55557,"minecraft:fly_one_cm":587706,"minecraft:open_chest":89,"minecraft:crouch_one_cm":44199,"minecraft:fall_one_cm":75111},"minecraft:dropped":{"minecraft:water_bucket":1,"minecraft:bread":3,"minecraft:iron_sword":1,"minecraft:brown_mushroom":2,"minecraft:feather":15,"minecraft:granite":1,"minecraft:dirt":1,"minecraft:diorite":3,"minecraft:gold_nugget":2,"minecraft:string":2,"minecraft:dandelion":1,"minecraft:stone_sword":2,"minecraft:birch_sapling":3,"minecraft:rotten_flesh":2,"minecraft:oak_planks":2,"minecraft:carrot":383,"minecraft:diamond_sword":1,"minecraft:oak_sapling":1,"minecraft:wooden_pickaxe":1,"minecraft:stone_pickaxe":1,"minecraft:black_wool":2},"minecraft:used":{"minecraft:stone_sword":125,"minecraft:poppy":1,"minecraft:chest":5,"minecraft:shield":36,"minecraft:iron_sword":198,"minecraft:stone_hoe":75,"minecraft:torch":369,"minecraft:dirt":14,"minecraft:carrot":4,"minecraft:granite":1,"minecraft:iron_axe":480,"minecraft:barrel":2,"minecraft:furnace":5,"minecraft:cobbled_deepslate":22,"minecraft:cooked_mutton":11,"minecraft:water_bucket":36,"minecraft:diorite":2,"minecraft:stone_pickaxe":105,"minecraft:oak_planks":14,"minecraft:wooden_pickaxe":9,"minecraft:cobblestone_slab":9,"minecraft:fletching_table":2,"minecraft:crafting_table":11,"minecraft:blast_furnace":1,"minecraft:white_bed":6,"minecraft:oak_log":5,"minecraft:diamond_pickaxe":302,"minecraft:apple":3,"minecraft:bread":64,"minecraft:iron_pickaxe":604,"minecraft:gravel":55,"minecraft:stone_axe":69,"minecraft:diamond_sword":42,"minecraft:cobblestone":298,"minecraft:andesite":1,"minecraft:bucket":38,"minecraft:yellow_bed":1,"minecraft:oak_boat":13},"minecraft:mined":{"minecraft:tuff":1,"minecraft:white_bed":10,"minecraft:deepslate_diamond_ore":4,"minecraft:granite":1,"minecraft:grass_block":10,"minecraft:brown_mushroom_block":7,"minecraft:spawner":2,"minecraft:hay_block":70,"minecraft:tall_seagrass":2,"minecraft:furnace":4,"minecraft:iron_ore":116,"minecraft:barrel":2,"minecraft:andesite":5,"minecraft:deepslate_lapis_ore":6,"minecraft:deepslate_iron_ore":42,"minecraft:cobblestone_slab":8,"minecraft:stripped_oak_log":1,"minecraft:stone":359,"minecraft:deepslate_redstone_ore":13,"minecraft:crafting_table":8,"minecraft:calcite":3,"minecraft:chest":2,"minecraft:mushroom_stem":3,"minecraft:tall_grass":1,"minecraft:cobblestone":138,"minecraft:lapis_ore":7,"minecraft:deepslate_gold_ore":28,"minecraft:sugar_cane":23,"minecraft:oak_planks":2,"minecraft:diorite":7,"minecraft:wall_torch":9,"minecraft:amethyst_block":64,"minecraft:birch_log":99,"minecraft:wheat":12,"minecraft:birch_leaves":2,"minecraft:yellow_bed":3,"minecraft:grass":30,"minecraft:oak_log":362,"minecraft:coal_ore":152,"minecraft:gravel":49,"minecraft:dirt":11,"minecraft:cobweb":35,"minecraft:smooth_basalt":2,"minecraft:gold_ore":22,"minecraft:oak_leaves":126,"minecraft:deepslate":30},"minecraft:broken":{"minecraft:iron_axe":1,"minecraft:iron_pickaxe":2},"minecraft:picked_up":{"minecraft:crafting_table":8,"minecraft:wheat":12,"minecraft:chicken":28,"minecraft:brown_mushroom":2,"minecraft:diamond_sword":2,"minecraft:enchanted_book":2,"minecraft:shield":1,"minecraft:amethyst_block":63,"minecraft:string":41,"minecraft:iron_leggings":1,"minecraft:activator_rail":1,"minecraft:gold_nugget":2,"minecraft:cobbled_deepslate":29,"minecraft:beef":7,"minecraft:oak_boat":10,"minecraft:cobblestone_slab":8,"minecraft:poppy":1,"minecraft:iron_pickaxe":1,"minecraft:sugar_cane":52,"minecraft:chest":2,"minecraft:birch_sapling":19,"minecraft:furnace":4,"minecraft:stick":72,"minecraft:raw_iron":158,"minecraft:torch":27,"minecraft:porkchop":7,"minecraft:diorite":9,"minecraft:redstone":122,"minecraft:stone_sword":1,"minecraft:arrow":25,"minecraft:rotten_flesh":22,"minecraft:hay_block":70,"minecraft:mutton":28,"minecraft:rail":3,"minecraft:white_wool":16,"minecraft:cobblestone":579,"minecraft:stripped_oak_log":1,"minecraft:birch_log":285,"minecraft:feather":15,"minecraft:water_bucket":2,"minecraft:andesite":4,"minecraft:leather":7,"minecraft:flint":4,"minecraft:oak_log":764,"minecraft:yellow_bed":3,"minecraft:gunpowder":1,"minecraft:lapis_lazuli":85,"minecraft:dirt":48,"minecraft:name_tag":1,"minecraft:bone":22,"minecraft:apple":20,"minecraft:wheat_seeds":33,"minecraft:raw_gold":98,"minecraft:iron_ingot":90,"minecraft:iron_sword":1,"minecraft:oak_planks":33,"minecraft:dandelion":1,"minecraft:gravel":45,"minecraft:white_bed":10,"minecraft:spider_eye":3,"minecraft:barrel":2,"minecraft:diamond":5,"minecraft:iron_helmet":1,"minecraft:granite":2,"minecraft:emerald":3,"minecraft:bread":37,"minecraft:oak_sapling":79,"minecraft:black_wool":2,"minecraft:coal":222,"minecraft:ender_pearl":4,"minecraft:diamond_pickaxe":1}},"DataVersion":3465}