{"stats":{"minecraft:dropped":{"minecraft:water_bucket":1,"minecraft:bread":3,"minecraft:iron_sword":1,"minecraft:brown_mushroom":2,"minecraft:feather":15,"minecraft:granite":1,"minecraft:dirt":1,"minecraft:diorite":3,"minecraft:gold_nugget":2,"minecraft:string":2,"minecraft:dandelion":1,"minecraft:stone_sword":2,"minecraft:birch_sapling":11,"minecraft:rotten_flesh":2,"minecraft:oak_planks":2,"minecraft:carrot":390,"minecraft:diamond_sword":1,"minecraft:oak_sapling":67,"minecraft:wooden_pickaxe":1,"minecraft:stone_pickaxe":1,"minecraft:black_wool":2},"minecraft:mined":{"minecraft:tuff":1,"minecraft:white_bed":10,"minecraft:deepslate_diamond_ore":4,"minecraft:granite":1,"minecraft:grass_block":30,"minecraft:brown_mushroom_block":7,"minecraft:spawner":2,"minecraft:hay_block":70,"minecraft:tall_seagrass":2,"minecraft:furnace":5,"minecraft:iron_ore":116,"minecraft:barrel":2,"minecraft:andesite":5,"minecraft:anvil":1,"minecraft:fletching_table":2,"minecraft:deepslate_lapis_ore":6,"minecraft:deepslate_iron_ore":42,"minecraft:cobblestone_slab":12,"minecraft:stripped_oak_log":1,"minecraft:stone":610,"minecraft:deepslate_redstone_ore":13,"minecraft:crafting_table":9,"minecraft:torch":1,"minecraft:calcite":3,"minecraft:chest":2,"minecraft:mushroom_stem":3,"minecraft:stone_slab":11,"minecraft:tall_grass":1,"minecraft:cobblestone":213,"minecraft:lapis_ore":7,"minecraft:deepslate_gold_ore":28,"minecraft:sugar_cane":23,"minecraft:oak_planks":2,"minecraft:diorite":7,"minecraft:wall_torch":11,"minecraft:amethyst_block":64,"minecraft:birch_log":164,"minecraft:wheat":12,"minecraft:birch_leaves":2,"minecraft:yellow_bed":3,"minecraft:grass":34,"minecraft:oak_log":953,"minecraft:coal_ore":195,"minecraft:sand":42,"minecraft:gravel":113,"minecraft:dirt":52,"minecraft:cobweb":35,"minecraft:smooth_basalt":2,"minecraft:gold_ore":22,"minecraft:oak_leaves":139,"minecraft:deepslate":30},"minecraft:crafted":{"minecraft:oak_planks":3984,"minecraft:smooth_stone":6,"minecraft:smooth_stone_slab":6,"minecraft:furnace":3,"minecraft:blast_furnace":1,"minecraft:stone":9,"minecraft:diamond_shovel":1,"minecraft:cooked_mutton":11,"minecraft:diamond_helmet":2,"minecraft:diamond_leggings":1,"minecraft:iron_boots":13,"minecraft:iron_axe":5,"minecraft:stone_pickaxe":1,"minecraft:chest":3,"minecraft:diamond_boots":1,"minecraft:stone_hoe":1,"minecraft:wheat":270,"minecraft:diamond_sword":1,"minecraft:emerald":325,"minecraft:crafting_table":4,"minecraft:wooden_pickaxe":1,"minecraft:iron_helmet":1,"minecraft:iron_sword":1,"minecraft:fletching_table":4,"minecraft:bucket":2,"minecraft:birch_planks":1000,"minecraft:stone_axe":1,"minecraft:bread":93,"minecraft:air":0,"minecraft:oak_boat":5,"minecraft:iron_chestplate":1,"minecraft:diamond_pickaxe":1,"minecraft:shield":12,"minecraft:stick":9780,"minecraft:stone_slab":6,"minecraft:iron_ingot":86,"minecraft:iron_pickaxe":2,"minecraft:stone_sword":1,"minecraft:iron_shovel":1,"minecraft:iron_leggings":1,"minecraft:white_bed":1,"minecraft:torch":364,"minecraft:diamond_chestplate":1},"minecraft:broken":{"minecraft:iron_axe":4,"minecraft:iron_pickaxe":2},"minecraft:killed":{"minecraft:cave_spider":2,"minecraft:spider":10,"minecraft:skeleton":31,"minecraft:chicken":14,"minecraft:pig":4,"minecraft:iron_golem":1,"minecraft:creeper":3,"minecraft:sheep":17,"minecraft:zombie":36,"minecraft:villager":1,"minecraft:cow":5,"minecraft:enderman":4},"minecraft:custom":{"minecraft:interact_with_anvil":3,"minecraft:mob_kills":132,"minecraft:interact_with_crafting_table":76,"minecraft:open_barrel":8,"minecraft:leave_game":10,"minecraft:time_since_death":282056,"minecraft:sprint_one_cm":672411,"minecraft:walk_one_cm":665248,"minecraft:damage_blocked_by_shield":1180,"minecraft:drop":42,"minecraft:talked_to_villager":118,"minecraft:play_time":282056,"minecraft:sneak_time":16888,"minecraft:walk_under_water_one_cm":19244,"minecraft:boat_one_cm":364448,"minecraft:jump":4807,"minecraft:interact_with_blast_furnace":1,"minecraft:walk_on_water_one_cm":30408,"minecraft:total_world_time":282056,"minecraft:interact_with_furnace":77,"minecraft:traded_with_villager":353,"minecraft:sleep_in_bed":15,"minecraft:time_since_rest":5601,"minecraft:damage_taken":3107,"minecraft:damage_dealt":20755,"minecraft:swim_one_cm":55557,"minecraft:fly_one_cm":698669,"minecraft:open_chest":113,"minecraft:crouch_one_cm":48925,"minecraft:fall_one_cm":86221},"minecraft:picked_up":{"minecraft:crafting_table":9,"minecraft:wheat":12,"minecraft:anvil":1,"minecraft:chicken":28,"minecraft:stone_slab":11,"minecraft:brown_mushroom":2,"minecraft:diamond_sword":2,"minecraft:enchanted_book":2,"minecraft:shield":1,"minecraft:amethyst_block":63,"minecraft:string":41,"minecraft:iron_leggings":1,"minecraft:activator_rail":1,"minecraft:gold_nugget":2,"minecraft:cobbled_deepslate":29,"minecraft:beef":7,"minecraft:oak_boat":15,"minecraft:cobblestone_slab":12,"minecraft:poppy":1,"minecraft:iron_pickaxe":1,"minecraft:sugar_cane":52,"minecraft:chest":2,"minecraft:birch_sapling":37,"minecraft:furnace":5,"minecraft:stick":221,"minecraft:raw_iron":158,"minecraft:torch":31,"minecraft:porkchop":7,"minecraft:diorite":9,"minecraft:carrot":216,"minecraft:redstone":122,"minecraft:stone_sword":1,"minecraft:arrow":29,"minecraft:rotten_flesh":30,"minecraft:hay_block":70,"minecraft:mutton":28,"minecraft:rail":3,"minecraft:white_wool":16,"minecraft:cobblestone":900,"minecraft:stripped_oak_log":1,"minecraft:birch_log":343,"minecraft:feather":15,"minecraft:water_bucket":2,"minecraft:andesite":4,"minecraft:leather":7,"minecraft:birch_planks":4,"minecraft:flint":12,"minecraft:oak_log":1337,"minecraft:yellow_bed":3,"minecraft:gunpowder":1,"minecraft:lapis_lazuli":85,"minecraft:dirt":109,"minecraft:name_tag":1,"minecraft:bone":26,"minecraft:apple":59,"minecraft:bow":1,"minecraft:wheat_seeds":33,"minecraft:raw_gold":98,"minecraft:iron_ingot":90,"minecraft:fletching_table":2,"minecraft:iron_sword":1,"minecraft:oak_planks":69,"minecraft:dandelion":1,"minecraft:gravel":101,"minecraft:sand":42,"minecraft:white_bed":10,"minecraft:spider_eye":3,"minecraft:barrel":2,"minecraft:diamond":5,"minecraft:iron_helmet":1,"minecraft:granite":2,"minecraft:emerald":3,"minecraft:bread":37,"minecraft:oak_sapling":209,"minecraft:black_wool":2,"minecraft:coal":270,"minecraft:ender_pearl":4,"minecraft:diamond_pickaxe":1},"minecraft:used":{"minecraft:stone_sword":125,"minecraft:poppy":1,"minecraft:chest":5,"minecraft:shield":42,"minecraft:iron_sword":198,"minecraft:stone_hoe":75,"minecraft:torch":385,"minecraft:dirt":14,"minecraft:anvil":1,"minecraft:carrot":15,"minecraft:granite":1,"minecraft:iron_axe":1253,"minecraft:barrel":2,"minecraft:furnace":5,"minecraft:cobbled_deepslate":22,"minecraft:cooked_mutton":11,"minecraft:water_bucket":36,"minecraft:diorite":2,"minecraft:stone_pickaxe":105,"minecraft:oak_planks":14,"minecraft:wooden_pickaxe":9,"minecraft:cobblestone_slab":9,"minecraft:fletching_table":6,"minecraft:crafting_table":12,"minecraft:blast_furnace":1,"minecraft:white_bed":6,"minecraft:oak_log":8,"minecraft:diamond_pickaxe":691,"minecraft:apple":3,"minecraft:diamond_shovel":105,"minecraft:bread":70,"minecraft:iron_pickaxe":604,"minecraft:stone_slab":13,"minecraft:gravel":99,"minecraft:stone_axe":69,"minecraft:diamond_sword":85,"minecraft:cobblestone":543,"minecraft:andesite":1,"minecraft:bucket":38,"minecraft:yellow_bed":1,"minecraft:oak_boat":18}},"DataVersion":3465}